condition_id,data_type,temp_C,self_cat,external_catalyst_mol%,reagent_ratio,acid_mol%,temp_K,yield_exp,yield_lf1,conversion_lf1,selectivity_lf1,uncertainty_lf1,yield_lf2,conversion_lf2,selectivity_lf2,uncertainty_lf2,improvement_over_lf1,yield_lf3,conversion_lf3,selectivity_lf3,uncertainty_lf3,confidence_lf3,improvement_over_lf2,error_lf1,error_lf2,error_lf3,has_experiment,has_lf1,has_lf2,has_lf3,cost_lf1_cpu_hours,cost_lf2_cpu_hours,cost_lf3_cpu_hours,cost_experiment_hours
0,experimental,78,0,5,15,0.062,351.15,25.81,26.163210799673283,35.57785888743854,85.79153956701161,19.611905638239143,25.974359168100104,26.880263534826145,96.81809438754802,10.87228660512154,-0.1888516315731792,26.908788894792874,29.54080219947344,96.58430569579798,2.4897798921835372,95.1486215615722,0.9344297266927697,0.3532107996732847,0.16435916810010553,1.0987888947928752,True,True,True,True,0.5,4.0,12.0,24.0
1,experimental,90,0,5,15,0.062,363.15,50.0,56.08025962934096,58.038170977233925,81.04041951312749,11.007780013774266,59.08583223552536,66.45256729646434,95.43875634474554,8.631866399882504,3.0055726061844013,49.02287299457833,50.11894293136855,98.78278730237218,4.0213747506266415,96.97426853273761,-10.06295924094703,6.080259629340958,9.08583223552536,0.9771270054216714,True,True,True,True,0.5,4.0,12.0,24.0
2,experimental,100,0,5,15,0.062,373.15,61.29,57.96150491421139,66.41025802390594,80.3490790360374,18.144684825889357,50.38218842549601,53.063766358663216,94.63424138317613,5.03242416103222,-7.579316488715378,62.42757895552794,65.2043967102161,96.47281600445038,3.3707284479877924,93.98556573162512,12.04539053003193,3.32849508578861,10.907811574503988,1.1375789555279425,True,True,True,True,0.5,4.0,12.0,24.0
3,experimental,110,0,5,15,0.062,383.15,64.52,60.297581020513924,61.47922929673049,90.45105748046225,16.28942846779884,68.79875818410171,71.98410773282926,91.44874723525507,11.438989314889323,8.50117716358779,64.59355953234237,67.99470074449883,90.64978568081258,2.183915013234836,91.59633960743317,-4.205198651759346,4.222418979486072,4.278758184101719,0.07355953234237234,True,True,True,True,0.5,4.0,12.0,24.0
4,experimental,120,0,5,15,0.062,393.15,64.52,70.39417688852913,73.2145226142422,82.66159315669584,17.506147516408582,76.35737883452906,78.15421741804892,90.42927419359232,5.985999142658599,5.963201945999927,65.29273627611478,67.42020294835515,93.11341493292267,4.226232577907616,95.94165216959985,-11.064642558414278,5.874176888529135,11.837378834529062,0.7727362761147845,True,True,True,True,0.5,4.0,12.0,24.0
5,experimental,120,0,3,15,0.062,393.15,64.52,70.45909321325716,80.36414463326389,86.1892651536714,13.720180857927831,66.34008971251433,70.32703189443016,90.02710539405457,11.4039213074767,-4.119003500742835,64.95444894000468,68.58073724208036,94.38002047282232,7.240539428489964,93.50892335351672,-1.385640772509646,5.939093213257166,1.8200897125143314,0.43444894000468537,True,True,True,True,0.5,4.0,12.0,24.0
6,experimental,120,0,2,15,0.062,393.15,65.32,73.76112055252744,82.34524807095757,86.43491041062528,17.508710677914973,85.85117382882711,91.1594728049608,87.13643160243701,11.727492222286186,12.09005327629967,66.59829191253893,67.65160285756726,95.60669925207135,5.789361320555123,97.29890676493353,-19.25288191628819,8.441120552527451,20.53117382882712,1.2782919125389327,True,True,True,True,0.5,4.0,12.0,24.0
7,experimental,120,0,1,15,0.062,393.15,62.9,67.70322403397796,68.73446272233728,93.5382936001935,15.052523724478572,72.20478516865639,72.88758251328554,96.96249102215137,8.515365072318698,4.5015611346784254,63.832234961515525,65.01995158613491,98.74255584637476,3.0858617162569386,91.43746487096193,-8.372550207140861,4.803224033977962,9.304785168656387,0.9322349615155261,True,True,True,True,0.5,4.0,12.0,24.0
8,experimental,78,0,3,15,0.062,351.15,16.13,18.043936902693112,21.935953690034744,80.16256477220448,19.053819764192635,17.06585994349601,23.065543706689432,87.51886711714702,11.286380026084997,-0.9780769591971001,15.331327303462727,17.557853578476056,94.6333561853672,4.155400216398594,96.9659992101801,-1.7345326400332848,1.9139369026931128,0.9358599434960126,0.7986726965372721,True,True,True,True,0.5,4.0,12.0,24.0
9,experimental,78,0,2,15,0.062,351.15,10.48,9.195005311815605,12.388141687719752,94.25092950576207,19.506071469375563,9.476809645924689,11.002311411234022,85.43859601417714,8.304468615769995,0.28180433410908456,10.646582019395865,12.601989702654668,98.72471090101759,3.5488005962067652,91.30819098068018,1.1697723734711758,1.2849946881843959,1.0031903540753113,0.16658201939586448,True,True,True,True,0.5,4.0,12.0,24.0
10,experimental,78,0,1,15,0.062,351.15,4.83,4.755297561346586,7.6874052783272315,84.92996818054874,16.725184560770384,4.484114056388112,10.688334989948196,90.43946601697633,8.67073188529306,-0.2711835049584739,4.727399372288469,9.576504597681193,94.08410587245275,3.4163027800787837,91.0469892857468,0.24328531590035674,0.0747024386534143,0.3458859436118882,0.10260062771153144,True,True,True,True,0.5,4.0,12.0,24.0
11,experimental,120,0,5,20,0.048,393.15,70.84,76.20346349960958,84.11925393686806,91.84427214191831,10.912061030486903,75.91463399460913,80.39175664507488,86.86288295116854,6.273496913466898,-0.2888295050004501,71.90845521431739,74.06289283262642,92.23842845328866,5.70286991962418,96.63106692706089,-4.006178780291748,5.36346349960958,5.07463399460913,1.0684552143173818,True,True,True,True,0.5,4.0,12.0,24.0
12,experimental,120,0,5,10,0.09,393.15,55.56,56.38554741057202,60.800852424305795,93.31556274137449,13.509150125520787,58.26382913515875,60.42978652030718,92.72799451886819,7.861139197686675,1.8782817245867278,55.023898696630866,59.05224946138113,95.26818927957076,7.209627683079551,96.75336359175358,-3.2399304385278853,0.8255474105720211,2.703829135158749,0.5361013033691364,True,True,True,True,0.5,4.0,12.0,24.0
13,experimental,120,0,5,5,0.17,393.15,41.18,36.449245920946645,37.879162741475,91.42265947576209,16.18218063316261,39.59800853258392,45.3257863633631,92.90708730292181,5.189671947524385,3.148762611637274,41.23977497513028,41.43649267847283,91.09898922609024,4.7131941697006114,97.4928455383597,1.6417664425463627,4.730754079053355,1.5819914674160813,0.059774975130281405,True,True,True,True,0.5,4.0,12.0,24.0
14,experimental,120,1,0,20,0.048,393.15,39.59,43.41273192419156,50.475154195756524,81.2202317096285,10.84837714085192,46.56104752907669,47.39391618495328,94.59899302447828,6.249812634380335,3.148315604885127,38.89072554804719,43.82387616284143,98.68606826792441,2.029639885606458,91.18674560769672,-7.670321981029495,3.822731924191558,6.971047529076685,0.6992744519528102,True,True,True,True,0.5,4.0,12.0,24.0
15,experimental,120,1,0,15,0.062,393.15,45.16,51.752993009533924,55.495700967095125,85.55963220600336,18.127995672575025,47.99930371205329,48.794834854128055,87.91806629199345,10.055868522989615,-3.7536892974806335,44.97902603099969,47.42325893228429,96.00177831791494,2.8379075285378774,94.124768228634,-3.0202776810535994,6.592993009533927,2.839303712053294,0.1809739690003056,True,True,True,True,0.5,4.0,12.0,24.0
16,experimental,120,1,0,10,0.09,393.15,44.45,38.89598205717675,46.66745121645112,88.37606374603708,14.242220092469763,42.64144093285775,44.28131529618432,88.51777276313216,11.27435072964784,3.7454588756809954,46.53441982489819,49.901581991522775,98.72920841496543,2.56340429473651,91.61482761698359,3.892978892040439,5.554017942823251,1.8085590671422551,2.084419824898184,True,True,True,True,0.5,4.0,12.0,24.0
17,experimental,120,1,0,5,0.17,393.15,39.4,44.203108831819776,45.31508365488129,87.38937656436289,10.113536447674191,49.06321708593607,49.275474716926624,87.17722522107756,9.081290926787846,4.860108254116291,38.31591711025828,43.0389882076284,96.14923225460682,4.983048584050564,96.70492231718488,-10.747299975677784,4.803108831819777,9.663217085936068,1.0840828897417154,True,True,True,True,0.5,4.0,12.0,24.0
18,experimental,78,1,0,15,0.062,351.15,1.61,1.4258890535574789,2.6011515213285277,89.73815453174096,17.460448792654233,1.5312938545077561,8.070842348415283,89.10180822037451,6.815964034019047,0.10540480095027727,1.6607466073271677,6.3154900848620565,96.20574075928405,6.059080314663479,90.2430964775747,0.1294527528194116,0.18411094644252124,0.07870614549224397,0.050746607327167625,True,True,True,True,0.5,4.0,12.0,24.0
19,experimental,90,1,0,15,0.062,363.15,8.06,8.261585674004932,17.883311158750352,85.62305869285557,12.857120862818608,8.139378886682508,11.176918152020644,92.0835393101777,6.876445485760134,-0.1222067873224244,8.290570970246335,8.823536121786288,95.92060774142732,7.996482354624,95.20986381633195,0.15119208356382785,0.20158567400493155,0.07937888668250714,0.230570970246335,True,True,True,True,0.5,4.0,12.0,24.0
20,experimental,100,1,0,15,0.062,373.15,17.74,20.205270354902932,20.326815101801095,94.54818240061458,10.431599119505762,18.135556655899677,22.55193410271552,90.23351834962381,7.061260316793423,-2.0697136990032554,17.705865571943207,21.617792992234573,95.10314634888002,6.430695255507959,96.96602760269808,-0.42969108395647027,2.465270354902934,0.3955566558996786,0.03413442805679168,True,True,True,True,0.5,4.0,12.0,24.0
21,experimental,110,1,0,15,0.062,383.15,30.65,34.24656093045376,39.52357202131676,94.8944719417895,10.737965647353988,40.426654396745015,41.547559802876634,95.42161571077496,8.412018387746595,6.180093466291254,29.100839829462583,33.14006953916888,96.86056621298954,6.786881893151807,95.34074708450868,-11.325814567282432,3.5965609304537622,9.776654396745016,1.5491601705374158,True,True,True,True,0.5,4.0,12.0,24.0
22,synthetic,100,1,0,15,0.062,373.15,,26.776102703978367,32.007081145679855,89.44097957202894,16.957486889846173,27.020788404155066,30.422496439908933,85.26963169984141,6.880741515694623,0.24468570017669933,27.110654861156803,27.711700138009846,94.90040188164764,2.034551962988729,86.35668432350043,0.08986645700173668,,,,False,True,True,True,0.5,4.0,12.0,24.0
23,synthetic,90,0,1,20,0.062,363.15,,30.24457760072357,34.7899882484013,89.41337120126096,15.843143119231001,30.608242663768305,34.94131638105524,92.60173863791377,6.805213798032416,0.3636650630447349,30.058983881408388,32.001774387760115,94.03824260360278,3.4252647852459646,83.90934413379723,-0.5492587823599173,,,,False,True,True,True,0.5,4.0,12.0,24.0
24,synthetic,120,0,5,20,0.062,393.15,,69.66123725200083,75.86256323001619,84.16071774471699,11.881211597237613,62.85582567314162,65.03428428529656,85.2206881185696,11.400091645923492,-6.805411578859214,61.15736345658768,64.17460642349457,96.01391518699515,5.716942076057687,71.46391847536887,-1.698462216553935,,,,False,True,True,True,0.5,4.0,12.0,24.0
25,synthetic,90,0,2,15,0.062,363.15,,34.39339106916496,39.030375118564784,85.3002834203908,15.83656111850872,34.670787311578465,35.612795974699594,91.91819770617104,6.918386544810442,0.27739624241350214,36.6462354181974,39.04214480634605,90.23077859225792,4.047486965756939,80.38163570272437,1.9754481066189342,,,,False,True,True,True,0.5,4.0,12.0,24.0
26,synthetic,90,1,0,10,0.062,363.15,,10.696410336605506,18.834360533674992,90.2709675883082,11.626169393448913,12.41260577281438,19.050540202471993,87.47705526112723,5.076970800609363,1.7161954362088743,13.044626925070935,15.945488771207597,94.8024229205419,5.647430556760668,77.976455617938,0.632021152256554,,,,False,True,True,True,0.5,4.0,12.0,24.0
27,synthetic,100,0,3,10,0.062,373.15,,52.718573441039766,61.82784528597819,92.33805864384753,19.49799913291924,55.7450057930391,56.84009083358956,95.80022370217726,11.117230542937607,3.0264323519993326,58.296704901210504,58.38786781459231,91.76200187115191,2.045377249868853,89.11047391909868,2.5516991081714053,,,,False,True,True,True,0.5,4.0,12.0,24.0
28,synthetic,110,0,3,10,0.048,383.15,,66.67766714876518,70.86009751167137,93.9909272503102,18.660638895004084,77.59269680855655,78.99566703754415,95.97294335109952,7.931393674244512,10.915029659791372,80.90736457768871,82.12477606057021,98.34331090316675,2.3616043417373653,87.96061097899972,3.314667769132157,,,,False,True,True,True,0.5,4.0,12.0,24.0
29,synthetic,120,1,0,20,0.062,393.15,,39.698710798969444,40.150897500031334,80.39550461745878,13.764633668780496,44.162935712975596,48.314277355238296,85.56359160130066,6.163983581292555,4.464224914006152,46.836050255579586,48.2604147653892,92.76560968433658,6.818155386995981,75.13553135441016,2.67311454260399,,,,False,True,True,True,0.5,4.0,12.0,24.0
30,synthetic,78,1,0,15,0.048,351.15,,7.832412214976081,11.641320781286296,94.54871596721905,18.421189231357086,7.61434965912945,12.439566534860557,87.94418931617585,7.725069298293835,-0.2180625558466307,8.44484025517708,11.496509171731672,96.44535606800875,3.635744004401203,76.22615398312007,0.8304905960476301,,,,False,True,True,True,0.5,4.0,12.0,24.0
31,synthetic,100,0,5,10,0.062,373.15,,41.769905985750064,50.153193032861445,87.03039739692456,14.148195023376651,42.433407117819065,44.742957011984664,89.26807259757939,10.033321336289719,0.6635011320690012,43.08625014087815,43.99344187935628,94.72647045300354,6.254277570334596,83.62235707929966,0.6528430230590843,,,,False,True,True,True,0.5,4.0,12.0,24.0
32,synthetic,100,0,3,10,0.17,373.15,,49.185285019333584,57.832508781884115,92.19351513695116,19.997176732861305,47.19728097315902,52.5066502960602,96.2419568718971,10.128004680471753,-1.9880040461745665,48.529080891438426,53.34371526762632,94.35191082047932,6.835955298650949,75.13125567402727,1.3317999182794082,,,,False,True,True,True,0.5,4.0,12.0,24.0
33,synthetic,120,1,0,20,0.062,393.15,,32.22951082829884,42.1958791990379,88.33147558403941,17.689874151805107,39.79735611252962,40.046821193019895,88.1471685315979,9.165545514901783,7.567845284230778,42.02798135746445,46.123925654598395,97.95785817013567,3.368478631693595,82.03223640292661,2.230625244934828,,,,False,True,True,True,0.5,4.0,12.0,24.0
34,synthetic,120,0,1,5,0.062,393.15,,39.246452554347044,40.538046705861994,94.31076540888084,16.0617463445088,47.470265967295035,50.14421709383072,94.25094644494986,5.746187771936403,8.22381341294799,49.21000557492918,53.40931208926278,98.1002081105821,4.120528275816309,78.22056939613408,1.7397396076341423,,,,False,True,True,True,0.5,4.0,12.0,24.0
35,synthetic,100,0,5,15,0.062,373.15,,38.006573955968875,40.2930020110035,90.07551026608785,16.18128240457896,37.71450134132185,38.315603595208316,93.73826507444323,8.46843921344339,-0.29207261464702583,37.36520113400906,39.48389240225288,96.00794909362324,2.573211883008009,86.45228637027357,-0.3493002073127869,,,,False,True,True,True,0.5,4.0,12.0,24.0
36,synthetic,110,0,5,5,0.17,383.15,,52.54896228975858,59.26469424568657,87.8046155135569,17.723183917356394,60.14139435557286,66.53672138732469,93.33635765025312,6.905015960609739,7.592432065814279,64.24654020577796,65.08661124450228,96.63186370449763,7.176782465259372,81.73216926350948,4.105145850205105,,,,False,True,True,True,0.5,4.0,12.0,24.0
37,synthetic,120,0,1,20,0.09,393.15,,52.49311840769485,57.694753418814784,92.7827225047781,15.519068387744856,51.822083169254476,54.70987434477469,86.09898487991961,11.421195028235699,-0.6710352384403748,55.348032157221226,56.5077676378011,93.51815396314963,5.566858011117038,80.93394825428139,3.52594898796675,,,,False,True,True,True,0.5,4.0,12.0,24.0
38,synthetic,120,1,0,5,0.062,393.15,,37.50457675194138,41.53940541406535,82.01022842675961,10.28782676313339,37.68926097316346,39.170324403872414,91.50281136854029,11.110620851134858,0.18468422122207784,42.12696366570426,45.60268643594223,93.63886891293863,4.569197689553689,72.72879505113465,4.437702692540803,,,,False,True,True,True,0.5,4.0,12.0,24.0
39,synthetic,78,1,0,15,0.062,351.15,,7.68684914907167,15.23822170580786,89.30464327030197,17.040797680992235,8.068530171864467,13.926329263140957,94.6787337743374,9.611483566975021,0.3816810227927965,9.665949476610662,10.063046321555595,90.77092424636787,7.36514524798471,75.48321333119611,1.5974193047461949,,,,False,True,True,True,0.5,4.0,12.0,24.0
40,synthetic,78,0,2,15,0.062,351.15,,14.024286764763344,14.169733421442164,85.25881338209895,15.89917686854633,14.959899839553994,16.957243910427483,90.87309956371769,6.548466092737216,0.9356130747906501,16.09320016664325,17.22648217777819,93.19496675248743,2.41654305647656,76.46743124231041,1.1333003270892554,,,,False,True,True,True,0.5,4.0,12.0,24.0
41,synthetic,120,0,1,15,0.09,393.15,,52.175953731348706,56.09839418234603,86.56212383035593,19.041586944937485,57.16445463459223,64.71692935208515,85.47312173642207,9.93902620760982,4.988500903243526,60.8948376249029,64.14922447013888,94.79662007896202,3.9460025186922536,87.60158175122916,3.730382990310666,,,,False,True,True,True,0.5,4.0,12.0,24.0
42,synthetic,110,1,0,15,0.062,383.15,,30.9006048862804,38.737135013691834,85.94814173481905,16.220867002278734,34.40801255293795,41.731918933642284,85.40735174302958,9.881941870727879,3.5074076666575458,33.43687109768298,38.40756790378882,95.95655270864441,5.346700504220149,83.3897391039638,-0.9711414552549655,,,,False,True,True,True,0.5,4.0,12.0,24.0
43,synthetic,100,0,1,5,0.062,373.15,,33.718506289021924,42.342143376489375,94.24280935486463,11.470734809290379,30.27450189835817,32.653293957338576,96.09275434451837,11.797407716157574,-3.4440043906637534,31.064579399542897,35.852705822069794,91.57772648121893,6.140029344923994,81.24593631755819,0.7900775011847259,,,,False,True,True,True,0.5,4.0,12.0,24.0
44,synthetic,100,0,5,10,0.062,373.15,,49.88961306023798,52.47205694322756,86.88703634357393,19.80032575285477,49.73174175460224,56.62808296251675,95.13459278242084,7.233703312702789,-0.15787130563573726,50.049731977692176,50.53311422592577,94.05333842632366,6.536979973371476,80.71655368946162,0.31799022308993585,,,,False,True,True,True,0.5,4.0,12.0,24.0
45,synthetic,120,0,1,10,0.048,393.15,,78.36225701181144,83.28843795174014,84.93127415431262,16.334008543167258,85.25689561205004,85.55295668977399,92.15523854178464,6.6100618610139215,6.894638600238608,85.72157440432952,90.6839919151214,98.34300871131866,5.239742781683358,73.04832026660834,0.4646787922794715,,,,False,True,True,True,0.5,4.0,12.0,24.0
46,synthetic,120,1,0,15,0.09,393.15,,31.900807380561655,33.18960459966815,81.92068758436659,11.519026935122943,32.83583544531911,35.55483515546364,93.69720125834513,5.457494385592597,0.9350280647574571,35.415311748003035,39.191663850487075,91.14942135271711,6.95640578151517,71.78248864232033,2.579476302683922,,,,False,True,True,True,0.5,4.0,12.0,24.0
47,synthetic,120,0,5,15,0.09,393.15,,54.37874484827023,55.767016574764334,89.61312117204822,11.818800843991449,53.20568917473167,57.521619513734365,94.48867797806756,7.231267520524489,-1.1730556735385633,54.71702197884433,55.15523571266352,98.43262040727957,5.322813444274257,77.20272814943037,1.5113328041126621,,,,False,True,True,True,0.5,4.0,12.0,24.0
48,synthetic,120,0,1,10,0.062,393.15,,61.78856517545275,66.52818157808147,90.0133660778154,11.723198712016298,65.02640619542242,66.89008199345149,85.29280937867846,11.09069211730651,3.2378410199696717,64.75847367293545,67.76144533973854,94.64111484926848,7.516351839286504,78.94405081009671,-0.26793252248697286,,,,False,True,True,True,0.5,4.0,12.0,24.0
49,synthetic,120,1,0,5,0.062,393.15,,31.082874998348665,33.00576518643537,80.61302924399719,11.689350630721645,33.363407117598754,40.36102049907235,91.34724560832655,11.573473889590273,2.28053211925009,35.435600518055736,36.017432507483115,97.35704737642072,4.283739760859481,88.61190429287832,2.0721934004569817,,,,False,True,True,True,0.5,4.0,12.0,24.0
50,synthetic,100,0,1,15,0.17,373.15,,43.883756950336334,44.77078228790689,81.809538066509,14.607787680327258,45.32351041017574,49.16251537260701,92.53006555862044,11.115739799304372,1.4397534598394088,49.561934534302374,53.51208671583768,92.74211225188236,2.485515698307513,86.11850800235243,4.238424124126631,,,,False,True,True,True,0.5,4.0,12.0,24.0
51,synthetic,100,0,3,15,0.17,373.15,,45.80730880074607,47.870645984804,85.46404791572114,15.034172708548569,55.36983979994735,61.5160271108635,90.013201386008,7.949499015939491,9.562530999201279,55.16552963546256,58.37039002218922,97.40232507270925,2.7951480364510903,89.5122040171983,-0.204310164484788,,,,False,True,True,True,0.5,4.0,12.0,24.0
52,synthetic,120,0,2,15,0.062,393.15,,64.32109867672236,72.31520266581279,89.41850584236361,10.817590319488719,64.29731399716638,67.13429125829259,88.44686789984898,7.074156843191931,-0.023784679555973298,70.10086188638797,73.13212657514286,96.88328820812696,3.0490317635624753,79.74123837637872,5.803547889221591,,,,False,True,True,True,0.5,4.0,12.0,24.0
53,synthetic,78,1,0,15,0.048,351.15,,7.5474008419596705,16.283187083027443,93.8130860079772,10.610779598548637,7.377261530426465,9.246123538825746,85.50511827563635,5.1251175431338964,-0.17013931153320527,8.114547622110859,8.455409169038326,90.23230716254538,2.810997734928937,77.35068844583063,0.7372860916843935,,,,False,True,True,True,0.5,4.0,12.0,24.0
54,synthetic,90,1,0,10,0.048,363.15,,16.915547095351148,24.39814399918773,82.76781529034567,12.093493233367102,16.868609987664104,19.943223164941557,93.15576739231683,6.527777215055449,-0.04693710768704307,18.622740724440025,23.451851530206124,93.8924809049712,3.8708967985115574,80.99059071790033,1.7541307367759202,,,,False,True,True,True,0.5,4.0,12.0,24.0
55,synthetic,100,1,0,10,0.062,373.15,,22.67363604049168,26.3783570684055,87.26784477786532,16.18254771530296,23.098476008560013,30.698165480161816,94.43614017298663,5.625877016185816,0.42483996806833346,23.43131703453354,24.511507947081537,95.57629159408047,5.901206554388921,82.81652629380412,0.3328410259735257,,,,False,True,True,True,0.5,4.0,12.0,24.0
56,synthetic,120,0,3,15,0.062,393.15,,58.45649895994027,65.93120834127784,80.55024804335896,12.524369443440207,70.74218475203938,72.07845632077598,96.89402351364372,6.621701909684104,12.285685792099109,71.29805123254745,73.59705335139405,90.52347415954928,7.969197903018603,85.61523172136879,0.5558664805080724,,,,False,True,True,True,0.5,4.0,12.0,24.0
57,synthetic,110,0,1,20,0.062,383.15,,40.27082949382219,47.40432535266771,93.428102565308,15.116774421156661,40.8099600520384,46.00713324397735,92.29284153854631,8.58881957711556,0.5391305582162076,40.233492267831366,41.74986800566934,90.90941229909582,6.152968050164791,72.42769878844857,-0.5764677842070327,,,,False,True,True,True,0.5,4.0,12.0,24.0
58,synthetic,90,0,3,15,0.048,363.15,,25.624791535241677,30.098915203476224,87.98925899682534,12.424705036347296,24.317435203231415,26.081324875792816,87.23725914573106,10.457091314967274,-1.3073563320102615,24.140699188064698,29.124183457329583,97.32573242555416,5.6913166293860655,80.18844256299579,-0.17673601516671766,,,,False,True,True,True,0.5,4.0,12.0,24.0
59,synthetic,110,0,3,10,0.062,383.15,,60.71534206635785,63.40777437585166,85.65926244656934,10.200711977777264,59.141925195970835,59.604666608478006,96.62923156168974,11.186501194743979,-1.573416870387014,60.649900981992474,61.30345286569347,97.9794379371642,4.698707892927935,78.52166767780743,1.507975786021639,,,,False,True,True,True,0.5,4.0,12.0,24.0
60,synthetic,100,1,0,10,0.062,373.15,,21.020265126450283,24.29523864822943,81.79643197728876,18.90527280739895,20.39234899690644,26.458256802539168,93.35224741664551,6.077271344378985,-0.6279161295438449,22.2084678684238,24.279116631068433,97.44784106010187,6.401686283368412,77.35518701754579,1.8161188715173608,,,,False,True,True,True,0.5,4.0,12.0,24.0
61,synthetic,78,1,0,20,0.062,351.15,,6.763829985622857,12.699754521163344,90.18653478716735,17.891712386073383,6.128803637109079,12.655468637034021,87.69328686203993,6.566723303758361,-0.6350263485137786,7.660537945765961,7.756499329881245,92.33831887870531,6.56173893873281,79.62688303270646,1.5317343086568824,,,,False,True,True,True,0.5,4.0,12.0,24.0
62,synthetic,110,1,0,15,0.062,383.15,,26.067116462317067,31.438181880502544,88.8026167703132,17.4543947418433,31.104592566704383,31.836487265886422,95.52953035156456,6.859200298120943,5.037476104387316,31.214719268897316,32.2907286289835,90.10908697179504,3.4472087455972487,80.70620262905183,0.11012670219293241,,,,False,True,True,True,0.5,4.0,12.0,24.0
63,synthetic,90,0,5,20,0.062,363.15,,29.98516835852691,34.3017638208237,81.91370454193346,12.837759057987245,34.29314390885401,35.32926327911645,95.66497695842773,11.689560487608274,4.307975550327104,35.16395324441688,37.43583991721668,97.59921374465654,2.5884954847054678,80.95918977947385,0.8708093355628677,,,,False,True,True,True,0.5,4.0,12.0,24.0
64,synthetic,100,0,3,20,0.09,373.15,,60.46798951946423,66.17577256615336,85.34145088846769,19.865152487929798,61.85084595549072,67.09278180060289,91.61028844730967,5.608907319379871,1.3828564360264863,63.493413799751785,67.18019918669079,94.2841631643189,4.255329710874616,76.4935185378012,1.642567844261066,,,,False,True,True,True,0.5,4.0,12.0,24.0
65,synthetic,120,1,0,5,0.048,393.15,,26.115459711191995,32.173207904760865,83.55840187603992,11.017824726204037,28.072365164448197,31.05387330054671,88.11704540512392,10.063940795820095,1.9569054532562014,30.075633521753513,34.010150453029986,92.83866206173211,6.128808236519253,89.10669373007856,2.0032683573053163,,,,False,True,True,True,0.5,4.0,12.0,24.0
66,synthetic,120,1,0,5,0.048,393.15,,30.26671422369704,31.873527956292598,82.79850536076958,12.85095168693847,30.439428955567887,37.24908426795804,90.9417583241677,8.364106041286536,0.17271473187084752,32.26854651780209,32.46067826261372,98.1158579292188,4.768864787748405,86.81743158851845,1.829117562234206,,,,False,True,True,True,0.5,4.0,12.0,24.0
67,synthetic,110,0,1,15,0.062,383.15,,54.366063627710396,56.099799580657944,93.45148136939638,10.802337456616423,57.14842227704151,63.74587000444271,89.17371049482631,9.746113067913445,2.7823586493311154,59.72348447735947,62.79315240115978,90.5998683650462,5.110448131671225,82.73339364334414,2.5750622003179586,,,,False,True,True,True,0.5,4.0,12.0,24.0
68,synthetic,110,0,3,10,0.062,383.15,,37.47516430504006,47.29895047412612,81.68058353252079,13.978555990457416,41.00226781341025,47.38167598626568,92.9014220159011,10.954072103659694,3.527103508370189,41.67345271920124,44.23456232326461,96.12205001287518,2.2500374036143054,84.74867537442971,0.6711849057909873,,,,False,True,True,True,0.5,4.0,12.0,24.0
69,synthetic,120,1,0,20,0.062,393.15,,35.837630732581445,45.53233506533513,92.9826068884097,18.170720709492798,37.33463228625007,43.00153609997035,95.04415994036407,9.882300231684985,1.4970015536686248,37.78835115419168,39.536867302920925,96.97188178063064,5.968223666422486,75.9307116257531,0.4537188679416104,,,,False,True,True,True,0.5,4.0,12.0,24.0
70,synthetic,110,0,2,10,0.062,383.15,,53.483983830561314,60.17041602980562,93.94063983691379,15.567628930139298,61.66389071996183,62.932731562306415,95.57044911038714,11.102904694216624,8.179906889400513,64.45140668978475,64.94338493835173,95.94272447731204,6.586235973330416,73.48218670668169,2.7875159698229197,,,,False,True,True,True,0.5,4.0,12.0,24.0
71,synthetic,120,0,5,15,0.09,393.15,,50.606212506681665,56.32233940138066,84.19968640490426,17.69492933191937,53.324807910314625,59.93134191483273,86.54643840968134,7.345831979813993,2.7185954036329605,56.000853211780054,57.02928952275783,91.09247776343466,5.6900778082332,77.63879279305792,2.676045301465429,,,,False,True,True,True,0.5,4.0,12.0,24.0
72,synthetic,110,0,2,10,0.09,383.15,,54.918986970573826,59.173351356737996,87.61415568026682,12.424097324150802,58.83507170692491,65.49214513058685,91.08961280513003,5.044701102017835,3.916084736351081,64.28305865786398,64.49281477502215,98.71639899834945,6.792285149927448,80.60604266498316,5.447986950939068,,,,False,True,True,True,0.5,4.0,12.0,24.0
73,synthetic,90,0,3,10,0.17,363.15,,25.490789743670696,26.63915799106273,89.1593006366245,12.886305532402558,26.491218903949328,31.426634250955267,96.77423413632908,9.422694689116678,1.0004291602786317,30.31525122701997,34.37410016747066,95.90830746598353,2.7685744781972,84.96146358859063,3.824032323070643,,,,False,True,True,True,0.5,4.0,12.0,24.0
74,synthetic,120,1,0,15,0.048,393.15,,26.946684073124324,31.7580850916725,87.98884148827379,10.51823536822427,29.157835265016807,35.39659842622596,86.2837676659235,10.327195317514196,2.2111511918924833,32.949943258295754,34.810778377483324,93.88869194649776,4.636429938166713,74.49231223687704,3.7921079932789468,,,,False,True,True,True,0.5,4.0,12.0,24.0
75,synthetic,120,0,5,20,0.09,393.15,,57.208876992051906,60.57491977399111,82.0162201540846,10.633749704727677,69.01428199341807,76.71821802429002,89.10246599246423,9.428353251937637,11.805405001366161,72.06275554541425,75.29180960869027,92.57316110315244,6.895681633811703,87.73849800418539,3.0484735519961816,,,,False,True,True,True,0.5,4.0,12.0,24.0
76,synthetic,90,0,5,15,0.048,363.15,,27.29114094496627,34.10616816720556,91.4034178983453,15.956387406078443,27.674408623833703,28.217105096675077,88.61156280336179,9.957204620516972,0.3832676788674334,29.153022965084322,33.74765563328209,92.27016918156025,6.5302515724776695,86.93028677380555,1.4786143412506192,,,,False,True,True,True,0.5,4.0,12.0,24.0
77,synthetic,110,1,0,15,0.062,383.15,,33.42112992585912,38.136891811360705,86.17761371220902,13.488682665429954,34.72202052454957,39.37938420595976,89.15059668343548,9.346408624372339,1.3008905986904509,36.16809559097665,39.448904779382005,91.59685892522737,5.27016151338163,85.52894892999448,1.4460750664270776,,,,False,True,True,True,0.5,4.0,12.0,24.0
78,synthetic,78,1,0,20,0.048,351.15,,7.69094544493917,9.503276106595772,80.99744401050167,17.41120649290059,7.347054450111138,13.41316001754332,85.29504299750562,5.154864860702981,-0.3438909948280324,9.52178625749903,9.73765493648409,91.48333334156493,2.7903726407273712,88.74776132994238,2.174731807387893,,,,False,True,True,True,0.5,4.0,12.0,24.0
79,synthetic,110,1,0,15,0.062,383.15,,30.402272636155423,36.147003767954544,92.62743165137408,11.397723766262896,32.31984786320191,36.228993386439235,94.24488901369352,9.783067636245537,1.917575227046484,33.23623745574741,37.439752595803405,96.59521390289626,5.253423232951089,80.11705385903657,0.9163895925454995,,,,False,True,True,True,0.5,4.0,12.0,24.0
80,synthetic,120,0,2,20,0.09,393.15,,50.09524256502495,51.73180199368199,82.46398696896489,18.14574720231382,45.474900481748804,46.783891051282154,94.53771458499915,9.85577558047042,-4.620342083276142,49.46537864450093,52.90980515475138,97.85990624274727,5.8177481238754885,81.30043985718032,3.990478162752126,,,,False,True,True,True,0.5,4.0,12.0,24.0
81,synthetic,120,1,0,15,0.062,393.15,,35.36810152749563,42.02007373445763,87.8459813715368,13.588304841235026,29.69249989130806,30.3515482562348,93.16599162489656,9.581578499967947,-5.675601636187572,31.635305931163543,35.26761450672857,98.92628956214428,2.595068597523295,74.93357729043245,1.9428060398554834,,,,False,True,True,True,0.5,4.0,12.0,24.0
82,synthetic,120,1,0,15,0.09,393.15,,31.182758821447003,39.34875321616278,86.58702362855328,13.769444294249077,33.667184403780325,37.02500293918931,92.66231137196903,7.78316078573956,2.484425582333323,36.5547648225215,40.220121302669874,95.5438690523416,3.128148407692497,81.10169898604572,2.887580418741173,,,,False,True,True,True,0.5,4.0,12.0,24.0
83,synthetic,120,0,2,5,0.062,393.15,,47.033429823934526,51.66022768063059,84.52066811246213,17.47609380176251,47.476382021543834,55.34820320522246,89.91200807578052,11.25869442575394,0.4429521976093085,49.272044275223344,49.44860104992454,96.7116040445811,3.2148833609914247,85.21981520056188,1.7956622536795095,,,,False,True,True,True,0.5,4.0,12.0,24.0
84,synthetic,78,0,3,10,0.062,351.15,,11.444433142327064,20.440178875072746,85.75836832059817,15.435528611139887,10.79359103989919,11.042663702975283,92.82000190451062,7.5796844060663275,-0.6508421024278732,12.715338493339045,14.34999657502944,91.339992452992,3.8336252929412895,77.35881502604168,1.9217474534398544,,,,False,True,True,True,0.5,4.0,12.0,24.0
85,synthetic,78,0,5,15,0.048,351.15,,15.036120191948845,24.100841301594315,89.36356993870989,11.168980407083641,14.231241392062728,21.146107390779825,90.67851888029868,11.777353995403052,-0.8048787998861169,16.81268474953721,19.77790642047113,93.52373128360047,4.4757310450917425,87.72391560930149,2.5814433574744804,,,,False,True,True,True,0.5,4.0,12.0,24.0
86,synthetic,110,1,0,10,0.062,383.15,,30.743374710542597,34.092430857113456,82.08908108995081,17.94025189270296,32.15813418856268,38.32550894571509,95.13739873740265,10.327167936600992,1.4147594780200805,33.14714420808568,36.245090895384884,93.19943709397222,6.765183987662505,70.06436527208557,0.9890100195230005,,,,False,True,True,True,0.5,4.0,12.0,24.0
87,synthetic,78,0,3,15,0.062,351.15,,16.280107517556694,22.480835076841828,88.00191637964483,18.938925830509575,16.874986838901794,21.884749411953116,86.57493853218865,5.227683256438763,0.5948793213451005,16.778511091557096,17.102779063971937,95.21985408685318,5.368907527757142,82.84651051810454,-0.09647574734469799,,,,False,True,True,True,0.5,4.0,12.0,24.0
88,synthetic,120,1,0,15,0.062,393.15,,30.123949258384407,33.24116993633989,83.72733709721699,17.43946292572677,36.17304199659258,40.02522080869298,86.40769826754874,5.876300545417853,6.049092738208174,41.344730413900514,45.36967541230436,92.42838648115394,6.950296461080372,83.52935874452724,5.171688417307934,,,,False,True,True,True,0.5,4.0,12.0,24.0
89,synthetic,120,0,2,5,0.048,393.15,,74.24011586613271,74.57544021349051,88.54834527306974,17.624586857406904,79.29621986638581,82.73866702558152,87.40629672040404,8.441161827190058,5.0561040002531,80.45690567200393,83.9953103457085,97.09753468205166,5.103614338649656,85.69793954222935,1.1606858056181153,,,,False,True,True,True,0.5,4.0,12.0,24.0
90,synthetic,120,1,0,15,0.062,393.15,,30.805807172856845,39.018380219576976,81.65947605432811,18.46452291734518,27.051949831492216,33.43242263658972,88.72434350708289,8.186541043572609,-3.753857341364629,28.191205339169798,30.361302170039174,90.79740386711656,3.3236717162672678,76.56385507218623,1.139255507677582,,,,False,True,True,True,0.5,4.0,12.0,24.0
91,synthetic,90,0,2,15,0.09,363.15,,33.731124080633705,35.00601070395353,85.9593093584055,17.972953657795536,35.25496420934353,35.347928528608335,85.86936265353471,7.747454894846793,1.5238401287098213,36.885649362459304,40.81390745286046,91.06502571831048,4.4594293381777295,82.72354729416465,1.6306851531157776,,,,False,True,True,True,0.5,4.0,12.0,24.0
92,synthetic,110,0,5,15,0.062,383.15,,56.15332851795472,63.37585420188538,90.80054804819112,16.411476328852974,50.295389420991164,55.8552445100035,95.32146876627046,10.45895692225345,-5.857939096963555,54.86598749215193,57.725348848287865,95.28992424775979,3.106857518801836,77.67665903866087,4.5705980711607666,,,,False,True,True,True,0.5,4.0,12.0,24.0
93,synthetic,110,0,2,15,0.09,383.15,,55.02618803987695,61.96567248454795,88.14086665021394,12.517990589069527,58.49969252101297,62.3437480990756,86.2591621410181,6.694315111037692,3.4735044811360183,59.27235475763694,60.765982625580804,98.46611320603806,3.5557805531946425,80.3615753247763,0.7726622366239724,,,,False,True,True,True,0.5,4.0,12.0,24.0
94,synthetic,78,0,1,5,0.09,351.15,,12.618632843594133,21.703138456930418,88.75087692149181,14.008514167636399,15.043455862085747,20.66317562643858,91.71578420184296,5.068395931934286,2.4248230184916135,18.121773558543104,19.05228064777449,97.2237897881614,4.749121320427356,86.83867133583617,3.0783176964573578,,,,False,True,True,True,0.5,4.0,12.0,24.0
95,synthetic,120,0,1,15,0.062,393.15,,58.06065287214469,62.68071090858602,94.20925009417724,11.533514031160802,58.93327781827305,63.07497096535074,86.054397989738,7.454388518464265,0.8726249461283544,60.906218056194625,63.09047156927052,96.56557405787157,6.5930773939466585,79.92922304710599,1.972940237921577,,,,False,True,True,True,0.5,4.0,12.0,24.0
96,synthetic,90,0,2,15,0.062,363.15,,30.81238878812444,36.92693114247092,80.27165275731261,18.721239089441514,28.343404375096664,32.88373116118913,93.27357962964719,10.60410689376358,-2.4689844130277763,28.335812057173474,29.012582468561902,96.76237577426141,5.941730937602837,82.20450298955282,-0.007592317923190706,,,,False,True,True,True,0.5,4.0,12.0,24.0
97,synthetic,78,0,3,15,0.09,351.15,,20.94803606264674,30.269218887482864,88.47699775383813,16.966508238768924,20.476956136839096,22.078158090797576,87.00979098710884,5.731974882340801,-0.47107992580764346,22.924535253037984,24.159429248397984,98.15629122468933,3.4972771990970366,75.23411367471812,2.447579116198888,,,,False,True,True,True,0.5,4.0,12.0,24.0
98,synthetic,110,0,1,15,0.048,383.15,,61.95174933284645,63.47713976198906,88.6443254025022,16.067150463828558,73.11823490821475,80.08598789818343,93.56904318558914,10.612096581488542,11.166485575368299,73.2120430659349,75.46074227818761,96.99039501259664,2.3921969453863117,85.18796524835928,0.09380815772016149,,,,False,True,True,True,0.5,4.0,12.0,24.0
99,synthetic,110,1,0,15,0.062,383.15,,31.989524993910628,36.23083170693449,91.04666353437084,19.343670147690148,33.953025004859875,40.471625914831975,85.9613781566161,11.263716592423693,1.9635000109492466,32.38793930391445,36.887106032350815,90.19641057097941,5.982738117053534,76.94686652517684,-1.5650857009454242,,,,False,True,True,True,0.5,4.0,12.0,24.0
